LQNS Service Time,Log Service Time,Relative Error
3292,2679,0.2288167226577081
4780,3843,0.2438199323445225
5050,4591,0.09997821825310389
5268,4241,0.24215986795567082
4600,3958,0.16220313289540172
3250,2815,0.15452930728241562
2210,2099,0.05288232491662696
1690,1528,0.10602094240837696
1170,1170,0.0
980,980,0.0
