LQNS Service Time,Log Service Time,Relative Error
6626,5802,0.14201999310582558
1150,1150,0.0
890,890,0.0
6841,5728,0.1943086592178771
7974,5999,0.32922153692282047
9860,8312,0.18623676612127046
1390,1390,0.0
7030,5787,0.21479177466735788
4210,3818,0.10267155578837088
6080,5250,0.1580952380952381
3400,3301,0.029990911844895485
2940,2940,0.0
