LQNS Service Time,Log Service Time,Relative Error
5733,6673,0.14086617713172486
3240,3240,0.0
3130,3364,0.06956004756242569
2210,2210,0.0
2140,2140,0.0
1010,1010,0.0
