LQNS Service Time,Log Service Time,Relative Error
370,370,0.0
4499,3638,0.23666849917537108
970,780,0.24358974358974358
3810,3628,0.050165380374862185
550,550,0.0
740,740,0.0
970,970,0.0
