LQNS Service Time,Log Service Time,Relative Error
1820,1766,0.030577576443941108
7450,5481,0.3592410144134282
130,130,0.0
5995,5277,0.13606215652833048
3580,3229,0.10870238463920719
1300,1300,0.0
720,720,0.0
