LQNS Service Time,Log Service Time,Relative Error
5340,3513,0.520068317677199
3951,2940,0.3438775510204082
3821,2804,0.36269614835948644
5380,3966,0.35653050932929903
5386,4189,0.28574838863690616
1640,1640,0.0
3872,3415,0.13382137628111274
992,1000,0.008
