LQNS Service Time,Log Service Time,Relative Error
8111,5246,0.5461303850552802
10446,4698,1.223499361430396
5091,3934,0.29410269445856635
3320,3148,0.054637865311308764
3201,2158,0.4833178869323448
1348,1112,0.21223021582733814
470,470,0.0
810,810,0.0
