LQNS Service Time,Log Service Time,Relative Error
5733,4715,0.2159066808059385
3240,3240,0.0
3130,2648,0.18202416918429004
2210,2210,0.0
2140,2140,0.0
1010,1010,0.0
