LQNS Service Time,Log Service Time,Relative Error
8010,5232,0.5309633027522935
6858,5010,0.3688622754491018
10611,6513,0.6292031321971442
5803,4881,0.18889571809055522
1240,1240,0.0
1848,1850,0.001081081081081081
