LQNS Service Time,Log Service Time,Relative Error
7594,5289,0.43581017205520894
5147,4936,0.042747163695299836
5165,4252,0.21472248353715898
7671,5541,0.38440714672441795
4710,4033,0.16786511281924127
3892,3639,0.06952459466886507
3592,3620,0.0077348066298342545
