LQNS Service Time,Log Service Time,Relative Error
5040,5046,0.0011890606420927466
12279,11660,0.05308747855917667
7282,7303,0.002875530603861427
8462,8481,0.002240301851196793
4714,4725,0.002328042328042328
2490,2490,0.0
778,780,0.002564102564102564
3060,3060,0.0
3070,3070,0.0
