LQNS Service Time,Log Service Time,Relative Error
221622,80213,1.7629187288843455
65924,49562,0.3301319559339817
124714,72137,0.7288492729112661
72634,66034,0.0999485113729291
42530,41279,0.03030596671430994
24835,28657,0.1333705551872143
10772,11408,0.05575035063113604
11607,12429,0.06613565049481053
9919,10939,0.0932443550598775
4350,4335,0.0034602076124567475
1890,1890,0.0
