LQNS Service Time,Log Service Time,Relative Error
32139,8261,2.8904490981721342
12054,5360,1.2488805970149253
15663,5658,1.7682926829268293
4830,3585,0.3472803347280335
7148,3822,0.8702250130821559
2921,1624,0.7986453201970444
4610,2845,0.6203866432337434
2490,2120,0.17452830188679244
830,830,0.0
