LQNS Service Time,Log Service Time,Relative Error
9473,5757,0.6454750738231718
7304,4892,0.49304987735077677
9579,5954,0.608834397044004
8541,6403,0.33390598157113854
7128,4842,0.4721189591078067
8830,6652,0.3274203247143716
2050,1782,0.15039281705948374
5110,4575,0.11693989071038251
1220,1230,0.008130081300813009
