LQNS Service Time,Log Service Time,Relative Error
3430,3438,0.002326934264107039
5060,5135,0.014605647517039922
1390,1398,0.005722460658082976
5420,5425,0.0009216589861751152
1450,1450,0.0
3360,3360,0.0
290,290,0.0
2850,3004,0.05126498002663116
1470,1470,0.0
630,630,0.0
