LQNS Service Time,Log Service Time,Relative Error
6145,6346,0.03167349511503309
6942,7296,0.04851973684210526
8538,8739,0.023000343288705802
5928,6341,0.0651316826998896
7790,9144,0.14807524059492563
4883,5218,0.06420084323495592
6847,6959,0.016094266417588734
3700,3700,0.0
7630,7643,0.001700902786863797
950,950,0.0
5258,5254,0.0007613247049866769
2660,2660,0.0
3706,3737,0.008295424137008296
3105,3130,0.007987220447284345
