LQNS Service Time,Log Service Time,Relative Error
18191,14412,0.2622120455176242
4110,3612,0.1378737541528239
4140,4021,0.029594628201939817
6936,6662,0.04112879015310718
15032,12038,0.24871241069945174
12523,9941,0.25973242128558494
2230,2220,0.0045045045045045045
13704,11285,0.21435533894550288
4580,4573,0.0015307238136890444
3930,3905,0.006402048655569782
1650,1649,0.0006064281382656155
3940,3940,0.0
610,610,0.0
3240,3240,0.0
2510,2510,0.0
