LQNS Service Time,Log Service Time,Relative Error
11174,10735,0.04089427107591989
10153,9671,0.04983972701892255
11714,11363,0.030889729824870194
12013,12110,0.00800990916597853
8357,8716,0.041188618632400184
3580,3580,0.0
2300,2300,0.0
