LQNS Service Time,Log Service Time,Relative Error
3750,3750,0.0
7710,7724,0.0018125323666494044
10169,9412,0.08042923926901828
15654,11195,0.3983028137561411
5250,5256,0.001141552511415525
6661,6593,0.010313969361443956
9696,7396,0.31097890751757706
9354,7468,0.2525441885377611
4124,4118,0.0014570179698882952
2320,2320,0.0
2040,2040,0.0
3741,3762,0.005582137161084529
3154,3144,0.0031806615776081423
1488,1490,0.0013422818791946308
