LQNS Service Time,Log Service Time,Relative Error
13496,12477,0.0816702733028773
3296,3006,0.09647371922821024
8497,8945,0.050083845723868085
2760,2761,0.0003621876131836291
1510,1507,0.0019907100199071004
2160,2160,0.0
530,530,0.0
