LQNS Service Time,Log Service Time,Relative Error
11824,11033,0.07169400888244358
11591,11542,0.004245364754808525
12521,9597,0.3046785453787642
5720,5735,0.0026155187445510027
8776,8805,0.0032935831913685405
3320,3320,0.0
2590,2590,0.0
6130,6147,0.0027655767040832926
3060,3055,0.0016366612111292963
2477,2480,0.0012096774193548388
