LQNS Service Time,Log Service Time,Relative Error
65739,46253,0.4212915918967418
34433,29409,0.17083205821347205
26124,22797,0.14594025529674956
14080,14161,0.005719935032836664
7592,7757,0.021271109965192728
9640,10001,0.036096390360963904
3403,3413,0.002929973630237328
2877,2880,0.0010416666666666667
