LQNS Service Time,Log Service Time,Relative Error
4010,4046,0.008897676717745922
2890,2904,0.0048209366391184574
3775,3779,0.0010584810796507012
3070,3070,0.0
1790,1790,0.0
3961,3930,0.007888040712468193
4300,4309,0.002088651659317707
660,660,0.0
1800,1800,0.0
3560,3560,0.0
1400,1400,0.0
