LQNS Service Time,Log Service Time,Relative Error
18980,13729,0.3824750528079248
18581,14548,0.27722023645861976
7909,8257,0.04214605789027492
20517,14563,0.40884433152509786
8750,8374,0.04490088368760449
5994,4477,0.33884297520661155
2498,2506,0.0031923383878691143
16230,13237,0.226108634887059
9036,8553,0.05647141353910908
11844,10526,0.1252137564126924
4328,4319,0.002083815698078259
9747,9404,0.03647384091875797
3890,3890,0.0
150,150,0.0
3300,3300,0.0
2090,2090,0.0
