LQNS Service Time,Log Service Time,Relative Error
9425,8986,0.04885377253505453
8521,8333,0.022560902436097444
10600,10559,0.0038829434605549768
9532,9675,0.014780361757105943
7496,7549,0.00702079745661677
5606,5636,0.00532292405961675
7880,7892,0.0015205271160669033
10300,10320,0.001937984496124031
9210,9222,0.0013012361743656475
8030,8042,0.0014921661278288984
450,450,0.0
7830,7844,0.0017848036715961244
5431,5466,0.006403219904866447
3681,3710,0.007816711590296496
