LQNS Service Time,Log Service Time,Relative Error
18350,18181,0.009295418293823222
11684,12577,0.07100262383716308
5978,5853,0.021356569280710745
3618,3516,0.02901023890784983
3488,3490,0.0005730659025787965
