LQNS Service Time,Log Service Time,Relative Error
4444,2028,1.1913214990138068
1000,1001,0.000999000999000999
1000,1001,0.000999000999000999
1000,1001,0.000999000999000999
1000,1001,0.000999000999000999
