LQNS Service Time,Log Service Time,Relative Error
5526,2600,1.1253846153846154
2997,1579,0.8980367321089296
3606,1696,1.1261792452830188
1999,1473,0.35709436524100474
1000,1000,0.0
