LQNS Service Time,Log Service Time,Relative Error
4029,4003,0.006495128653509868
3210,3349,0.04150492684383398
4441,4457,0.0035898586493156833
3485,3407,0.02289404167889639
2440,2399,0.01709045435598166
2150,2098,0.02478551000953289
3380,3381,0.0002957704821058858
890,890,0.0
3135,3140,0.0015923566878980893
