LQNS Service Time,Log Service Time,Relative Error
2230,2234,0.0017905102954341987
5967,6042,0.012413108242303872
190,190,0.0
4396,4427,0.007002484752654168
3096,3120,0.007692307692307693
2140,2140,0.0
