LQNS Service Time,Log Service Time,Relative Error
6625,6662,0.005553887721404984
6310,6327,0.002686897423739529
5700,5712,0.0021008403361344537
7375,7153,0.031035928980847196
6238,6266,0.004468560485157995
2650,2650,0.0
3248,3276,0.008547008547008548
2748,2770,0.007942238267148015
