LQNS Service Time,Log Service Time,Relative Error
6625,6576,0.007451338199513382
6310,6324,0.002213788741302973
5700,5711,0.0019261075118192962
7375,7190,0.02573018080667594
6238,6266,0.004468560485157995
2650,2650,0.0
3248,3275,0.008244274809160306
2748,2770,0.007942238267148015
