LQNS Service Time,Log Service Time,Relative Error
2069,2061,0.0038816108685104317
4234,4227,0.0016560208185474332
4360,4365,0.001145475372279496
1750,1750,0.0
4608,4615,0.0015167930660888408
2214,2220,0.002702702702702703
