LQNS Service Time,Log Service Time,Relative Error
5234,5198,0.006925740669488265
3442,3390,0.015339233038348082
4119,4099,0.0048792388387411565
5579,5764,0.032095766828591256
3669,3676,0.0019042437431991295
4204,4231,0.00638147010163082
3388,3390,0.0005899705014749262
3840,3840,0.0
1219,1220,0.000819672131147541
